text,event
Heavy rainfall reported in Mumbai,Rainfall
Continuous rain reported in Delhi,Rainfall
Very heavy rain occurring in Raipur,Rainfall
Moderate rainfall expected in Chennai,Rainfall
Heavy rain continued throughout the night,Rainfall
Roads are completely flooded after continuous rain,Flood
Several houses are flooded due to rising water,Flood
Flood water entered residential areas,Flood
River water has overflowed causing flooding,Flood
People are stranded due to severe flooding,Flood
Temperature crossed 45 degrees today,Heatwave
Extreme heat conditions reported in Delhi,Heatwave
Very high temperatures causing discomfort,Heatwave
People are suffering due to intense heat,Heatwave
Heatwave conditions continue across the city,Heatwave
Dense fog has reduced visibility,Fog
Heavy fog reported on the highway,Fog
Visibility is extremely low because of dense fog,Fog
Thick fog covered the city this morning,Fog
Vehicles are moving slowly due to poor visibility,Fog
Severe thunderstorm with lightning reported,Thunderstorm
Thunder and lightning observed across the city,Thunderstorm
Strong thunderstorms are occurring in the region,Thunderstorm
Lightning strikes reported during the storm,Thunderstorm
Heavy thunderstorm accompanied by strong rain,Thunderstorm
Dust storm affecting visibility,Dust Storm
A severe dust storm has covered the city,Dust Storm
Dust and strong winds reducing visibility,Dust Storm
Large amounts of dust are spreading across the area,Dust Storm
Dust storm reported by residents,Dust Storm
Strong winds damaged several houses,Strong Wind
Very strong winds reported in the city,Strong Wind
High wind speeds caused damage to trees,Strong Wind
Strong winds are affecting traffic,Strong Wind
Power lines were damaged due to strong winds,Strong Wind
Cyclonic winds approaching the coast,Cyclone
Cyclone warning issued for coastal areas,Cyclone
Severe cyclonic storm moving toward the coast,Cyclone
Strong winds associated with a cyclone reported,Cyclone
Cyclonic conditions affecting coastal districts,Cyclone